State,Language,Total Persons
ANDAMAN & NICOBAR ISLANDS,ADI,3
ANDAMAN & NICOBAR ISLANDS,ASSAMESE,207
ANDAMAN & NICOBAR ISLANDS,BENGALI,111193
ANDAMAN & NICOBAR ISLANDS,BHOTIA,1
ANDAMAN & NICOBAR ISLANDS,BODO,5
ANDAMAN & NICOBAR ISLANDS,DIMASA,3
ANDAMAN & NICOBAR ISLANDS,DOGRI,74
ANDAMAN & NICOBAR ISLANDS,ENGLISH,83507
ANDAMAN & NICOBAR ISLANDS,GARO,1
ANDAMAN & NICOBAR ISLANDS,GUJARATI,306
ANDAMAN & NICOBAR ISLANDS,HINDI,303969
ANDAMAN & NICOBAR ISLANDS,KARBI/MIKIR,1
ANDAMAN & NICOBAR ISLANDS,KHASI,10
ANDAMAN & NICOBAR ISLANDS,LUSHAI/MIZO,11
ANDAMAN & NICOBAR ISLANDS,MARATHI,756
ANDAMAN & NICOBAR ISLANDS,NEPALI,991
ANDAMAN & NICOBAR ISLANDS,ODIA,1329
ANDAMAN & NICOBAR ISLANDS,OTHERS,3359
ANDAMAN & NICOBAR ISLANDS,PUNJABI,1851
ANDAMAN & NICOBAR ISLANDS,SANSKRIT,115
ANDAMAN & NICOBAR ISLANDS,SANTALI,310
ANDAMAN & NICOBAR ISLANDS,TAMIL,64993
ANDAMAN & NICOBAR ISLANDS,TELUGU,52575
ANDAMAN & NICOBAR ISLANDS,TIBETAN,1
ANDAMAN & NICOBAR ISLANDS,URDU,2072
ANDHRA PRADESH,ADI,51
ANDHRA PRADESH,ASSAMESE,3290
ANDHRA PRADESH,BENGALI,69444
ANDHRA PRADESH,BHOTIA,150
ANDHRA PRADESH,BODO,727
ANDHRA PRADESH,DEORI,8
ANDHRA PRADESH,DIMASA,143
ANDHRA PRADESH,DOGRI,934
ANDHRA PRADESH,ENGLISH,11047781
ANDHRA PRADESH,GARO,272
ANDHRA PRADESH,GUJARATI,66401
ANDHRA PRADESH,HINDI,10646335
ANDHRA PRADESH,KHASI,37
ANDHRA PRADESH,LADAKHI,5
ANDHRA PRADESH,LUSHAI/MIZO,287
ANDHRA PRADESH,MARATHI,889048
ANDHRA PRADESH,MISHMI,1
ANDHRA PRADESH,NEPALI,12414
ANDHRA PRADESH,NISSI/DAFLA,24
ANDHRA PRADESH,ODIA,494498
ANDHRA PRADESH,OTHERS,30855
ANDHRA PRADESH,PUNJABI,28109
ANDHRA PRADESH,RABHA,3
ANDHRA PRADESH,SANSKRIT,13793
ANDHRA PRADESH,SANTALI,236
ANDHRA PRADESH,SEMA,12
ANDHRA PRADESH,SHERPA,19
ANDHRA PRADESH,TAMIL,1150540
ANDHRA PRADESH,TANGSA,3
ANDHRA PRADESH,TELUGU,78175399
ANDHRA PRADESH,TIBETAN,37
ANDHRA PRADESH,URDU,7715670
ANDHRA PRADESH,WANCHO,7
ARUNACHAL PRADESH,ADI,241652
ARUNACHAL PRADESH,ASSAMESE,239352
ARUNACHAL PRADESH,BENGALI,103689
ARUNACHAL PRADESH,BHOTIA,62665
ARUNACHAL PRADESH,BODO,7231
ARUNACHAL PRADESH,DEORI,4855
ARUNACHAL PRADESH,DIMASA,220
ARUNACHAL PRADESH,DOGRI,1096
ARUNACHAL PRADESH,ENGLISH,319355
ARUNACHAL PRADESH,GARO,6618
ARUNACHAL PRADESH,GUJARATI,385
ARUNACHAL PRADESH,HINDI,868475
ARUNACHAL PRADESH,KARBI/MIKIR,1552
ARUNACHAL PRADESH,KHASI,251
ARUNACHAL PRADESH,LADAKHI,38
ARUNACHAL PRADESH,LUSHAI/MIZO,1467
ARUNACHAL PRADESH,MARATHI,2413
ARUNACHAL PRADESH,MIRI/MISHING,11007
ARUNACHAL PRADESH,MISHMI,42167
ARUNACHAL PRADESH,NEPALI,101613
ARUNACHAL PRADESH,NISSI/DAFLA,397885
ARUNACHAL PRADESH,NOCTE,30403
ARUNACHAL PRADESH,ODIA,6987
ARUNACHAL PRADESH,OTHERS,77006
ARUNACHAL PRADESH,PUNJABI,4295
ARUNACHAL PRADESH,RABHA,108
ARUNACHAL PRADESH,SANSKRIT,504
ARUNACHAL PRADESH,SANTALI,1741
ARUNACHAL PRADESH,SEMA,95
ARUNACHAL PRADESH,SHERPA,218
ARUNACHAL PRADESH,TAMIL,1373
ARUNACHAL PRADESH,TANGSA,36789
ARUNACHAL PRADESH,TELUGU,1741
ARUNACHAL PRADESH,TIBETAN,5547
ARUNACHAL PRADESH,URDU,1846
ARUNACHAL PRADESH,WANCHO,58499
ASSAM,ADI,4212
ASSAM,ASSAMESE,22311193
ASSAM,BENGALI,11895530
ASSAM,BHOTIA,206
ASSAM,BODO,1490115
ASSAM,DEORI,29416
ASSAM,DIMASA,132965
ASSAM,DOGRI,1890
ASSAM,ENGLISH,2511435
ASSAM,GARO,185818
ASSAM,GUJARATI,9620
ASSAM,HINDI,7875804
ASSAM,KARBI/MIKIR,532925
ASSAM,KHASI,46566
ASSAM,LADAKHI,57
ASSAM,LUSHAI/MIZO,7268
ASSAM,MARATHI,12589
ASSAM,MIRI/MISHING,647925
ASSAM,MISHMI,1697
ASSAM,NEPALI,704580
ASSAM,NISSI/DAFLA,1891
ASSAM,NOCTE,288
ASSAM,ODIA,270933
ASSAM,OTHERS,237368
ASSAM,PUNJABI,26870
ASSAM,RABHA,113615
ASSAM,SANSKRIT,7078
ASSAM,SANTALI,219233
ASSAM,SEMA,1974
ASSAM,SHERPA,124
ASSAM,TAMIL,6651
ASSAM,TANGSA,1785
ASSAM,TELUGU,27647
ASSAM,TIBETAN,544
ASSAM,URDU,22398
ASSAM,WANCHO,668
BIHAR,ADI,62
BIHAR,ASSAMESE,3532
BIHAR,BENGALI,941926
BIHAR,BHOTIA,15
BIHAR,BODO,27
BIHAR,DIMASA,5
BIHAR,DOGRI,301
BIHAR,ENGLISH,2835668
BIHAR,GARO,5
BIHAR,GUJARATI,14682
BIHAR,HINDI,93033512
BIHAR,KHASI,10
BIHAR,LADAKHI,33
BIHAR,LUSHAI/MIZO,106
BIHAR,MARATHI,2977
BIHAR,MIRI/MISHING,4
BIHAR,MISHMI,6
BIHAR,NEPALI,13595
BIHAR,NISSI/DAFLA,18
BIHAR,NOCTE,1
BIHAR,ODIA,3915
BIHAR,OTHERS,109577
BIHAR,PUNJABI,16100
BIHAR,RABHA,12
BIHAR,SANSKRIT,157855
BIHAR,SANTALI,484704
BIHAR,TAMIL,1479
BIHAR,TANGSA,4
BIHAR,TELUGU,2402
BIHAR,TIBETAN,39
BIHAR,URDU,10295444
CHANDIGARH,ADI,2
CHANDIGARH,ASSAMESE,505
CHANDIGARH,BENGALI,7560
CHANDIGARH,BHOTIA,124
CHANDIGARH,BODO,6
CHANDIGARH,DIMASA,1
CHANDIGARH,DOGRI,1328
CHANDIGARH,ENGLISH,439272
CHANDIGARH,GUJARATI,1961
CHANDIGARH,HINDI,992604
CHANDIGARH,KHASI,12
CHANDIGARH,LADAKHI,271
CHANDIGARH,LUSHAI/MIZO,22
CHANDIGARH,MARATHI,1606
CHANDIGARH,NEPALI,7654
CHANDIGARH,ODIA,2143
CHANDIGARH,OTHERS,1390
CHANDIGARH,PUNJABI,465600
CHANDIGARH,SANSKRIT,1362
CHANDIGARH,SANTALI,53
CHANDIGARH,TAMIL,5840
CHANDIGARH,TELUGU,1463
CHANDIGARH,TIBETAN,47
CHANDIGARH,URDU,17188
CHHATTISGARH,ADI,9
CHHATTISGARH,ASSAMESE,2142
CHHATTISGARH,BENGALI,256473
CHHATTISGARH,BHOTIA,20
CHHATTISGARH,BODO,102
CHHATTISGARH,DEORI,1
CHHATTISGARH,DIMASA,14
CHHATTISGARH,DOGRI,873
CHHATTISGARH,ENGLISH,584045
CHHATTISGARH,GARO,13
CHHATTISGARH,GUJARATI,47191
CHHATTISGARH,HINDI,23921450
CHHATTISGARH,KARBI/MIKIR,1
CHHATTISGARH,KHASI,9
CHHATTISGARH,LADAKHI,15
CHHATTISGARH,LUSHAI/MIZO,29
CHHATTISGARH,MARATHI,181742
CHHATTISGARH,MIRI/MISHING,1
CHHATTISGARH,NEPALI,4860
CHHATTISGARH,NISSI/DAFLA,9
CHHATTISGARH,NOCTE,1
CHHATTISGARH,ODIA,947703
CHHATTISGARH,OTHERS,117089
CHHATTISGARH,PUNJABI,78313
CHHATTISGARH,RABHA,1
CHHATTISGARH,SANSKRIT,16150
CHHATTISGARH,SANTALI,18524
CHHATTISGARH,SEMA,1
CHHATTISGARH,TAMIL,11781
CHHATTISGARH,TELUGU,192576
CHHATTISGARH,TIBETAN,969
CHHATTISGARH,URDU,136758
DADRA & NAGAR HAVELI,ADI,5
DADRA & NAGAR HAVELI,ASSAMESE,1086
DADRA & NAGAR HAVELI,BENGALI,3545
DADRA & NAGAR HAVELI,BODO,28
DADRA & NAGAR HAVELI,DOGRI,7
DADRA & NAGAR HAVELI,ENGLISH,35548
DADRA & NAGAR HAVELI,GUJARATI,166570
DADRA & NAGAR HAVELI,HINDI,197641
DADRA & NAGAR HAVELI,KARBI/MIKIR,5
DADRA & NAGAR HAVELI,MARATHI,54342
DADRA & NAGAR HAVELI,MIRI/MISHING,9
DADRA & NAGAR HAVELI,NEPALI,1252
DADRA & NAGAR HAVELI,ODIA,4520
DADRA & NAGAR HAVELI,OTHERS,1290
DADRA & NAGAR HAVELI,PUNJABI,544
DADRA & NAGAR HAVELI,SANSKRIT,149
DADRA & NAGAR HAVELI,SANTALI,62
DADRA & NAGAR HAVELI,TAMIL,813
DADRA & NAGAR HAVELI,TELUGU,825
DADRA & NAGAR HAVELI,URDU,1855
DAMAN & DIU,ADI,2
DAMAN & DIU,ASSAMESE,1274
DAMAN & DIU,BENGALI,5810
DAMAN & DIU,BODO,50
DAMAN & DIU,DOGRI,2
DAMAN & DIU,ENGLISH,37413
DAMAN & DIU,GUJARATI,135379
DAMAN & DIU,HINDI,185328
DAMAN & DIU,MARATHI,12842
DAMAN & DIU,NEPALI,1487
DAMAN & DIU,ODIA,4475
DAMAN & DIU,OTHERS,2394
DAMAN & DIU,PUNJABI,332
DAMAN & DIU,RABHA,7
DAMAN & DIU,SANSKRIT,97
DAMAN & DIU,SANTALI,92
DAMAN & DIU,TAMIL,350
DAMAN & DIU,TELUGU,525
DAMAN & DIU,URDU,2281
GOA,ADI,11
GOA,ASSAMESE,1238
GOA,BENGALI,8085
GOA,BHOTIA,3
GOA,BODO,76
GOA,DIMASA,2
GOA,DOGRI,130
GOA,ENGLISH,609655
GOA,GARO,15
GOA,GUJARATI,8077
GOA,HINDI,777920
GOA,KARBI/MIKIR,1
GOA,KHASI,17
GOA,LADAKHI,4
GOA,LUSHAI/MIZO,39
GOA,MARATHI,558167
GOA,MIRI/MISHING,3
GOA,MISHMI,1
GOA,NEPALI,2784
GOA,NISSI/DAFLA,2
GOA,NOCTE,1
GOA,ODIA,5930
GOA,OTHERS,11904
GOA,PUNJABI,2711
GOA,SANSKRIT,4151
GOA,SANTALI,120
GOA,SEMA,4
GOA,SHERPA,1
GOA,TAMIL,7860
GOA,TANGSA,4
GOA,TELUGU,12005
GOA,TIBETAN,55
GOA,URDU,48589
GUJARAT,ADI,51
GUJARAT,ASSAMESE,4553
GUJARAT,BENGALI,94569
GUJARAT,BHOTIA,6
GUJARAT,BODO,143
GUJARAT,DIMASA,11
GUJARAT,DOGRI,2310
GUJARAT,ENGLISH,7517426
GUJARAT,GARO,74
GUJARAT,GUJARATI,55955758
GUJARAT,HINDI,26368167
GUJARAT,KARBI/MIKIR,1
GUJARAT,KHASI,26
GUJARAT,LADAKHI,13
GUJARAT,LUSHAI/MIZO,56
GUJARAT,MARATHI,1093018
GUJARAT,MIRI/MISHING,16
GUJARAT,MISHMI,6
GUJARAT,NEPALI,27721
GUJARAT,NISSI/DAFLA,65
GUJARAT,ODIA,184835
GUJARAT,OTHERS,147665
GUJARAT,PUNJABI,76430
GUJARAT,RABHA,1603
GUJARAT,SANSKRIT,58492
GUJARAT,SANTALI,318
GUJARAT,TAMIL,43346
GUJARAT,TANGSA,2
GUJARAT,TELUGU,76638
GUJARAT,TIBETAN,17
GUJARAT,URDU,768485
JAMMU & KASHMIR,ADI,16
JAMMU & KASHMIR,ASSAMESE,548
JAMMU & KASHMIR,BENGALI,22070
JAMMU & KASHMIR,BHOTIA,108999
JAMMU & KASHMIR,BODO,543
JAMMU & KASHMIR,DEORI,1
JAMMU & KASHMIR,DIMASA,4
JAMMU & KASHMIR,DOGRI,2668351
JAMMU & KASHMIR,ENGLISH,2004492
JAMMU & KASHMIR,GARO,46
JAMMU & KASHMIR,GUJARATI,21834
JAMMU & KASHMIR,HINDI,4765033
JAMMU & KASHMIR,KARBI/MIKIR,6
JAMMU & KASHMIR,KHASI,1357
JAMMU & KASHMIR,LADAKHI,10039
JAMMU & KASHMIR,LUSHAI/MIZO,526
JAMMU & KASHMIR,MARATHI,24416
JAMMU & KASHMIR,MIRI/MISHING,12
JAMMU & KASHMIR,MISHMI,4
JAMMU & KASHMIR,NEPALI,24834
JAMMU & KASHMIR,NISSI/DAFLA,17
JAMMU & KASHMIR,NOCTE,7
JAMMU & KASHMIR,ODIA,9707
JAMMU & KASHMIR,OTHERS,19251
JAMMU & KASHMIR,PUNJABI,283145
JAMMU & KASHMIR,RABHA,6
JAMMU & KASHMIR,SANSKRIT,1517
JAMMU & KASHMIR,SANTALI,241
JAMMU & KASHMIR,SEMA,16
JAMMU & KASHMIR,SHERPA,21
JAMMU & KASHMIR,TAMIL,17060
JAMMU & KASHMIR,TELUGU,14702
JAMMU & KASHMIR,TIBETAN,103132
JAMMU & KASHMIR,URDU,3693157
JAMMU & KASHMIR,WANCHO,3
JHARKHAND,ADI,844
JHARKHAND,ASSAMESE,1840
JHARKHAND,BENGALI,4159584
JHARKHAND,BHOTIA,1
JHARKHAND,BODO,94
JHARKHAND,DEORI,1
JHARKHAND,DIMASA,12
JHARKHAND,DOGRI,358
JHARKHAND,ENGLISH,1698844
JHARKHAND,GARO,7
JHARKHAND,GUJARATI,37595
JHARKHAND,HINDI,28181660
JHARKHAND,KARBI/MIKIR,2
JHARKHAND,KHASI,7
JHARKHAND,LADAKHI,1
JHARKHAND,LUSHAI/MIZO,99
JHARKHAND,MARATHI,9897
JHARKHAND,MIRI/MISHING,5
JHARKHAND,MISHMI,3
JHARKHAND,NEPALI,20148
JHARKHAND,NISSI/DAFLA,8
JHARKHAND,ODIA,716315
JHARKHAND,OTHERS,29179
JHARKHAND,PUNJABI,87421
JHARKHAND,RABHA,3
JHARKHAND,SANSKRIT,46858
JHARKHAND,SANTALI,3412937
JHARKHAND,SEMA,2
JHARKHAND,TAMIL,11027
JHARKHAND,TANGSA,1
JHARKHAND,TELUGU,32345
JHARKHAND,TIBETAN,8
JHARKHAND,URDU,2348585
KARNATAKA,ADI,233
KARNATAKA,ASSAMESE,11537
KARNATAKA,BENGALI,105419
KARNATAKA,BHOTIA,907
KARNATAKA,BODO,455
KARNATAKA,DEORI,17
KARNATAKA,DIMASA,20
KARNATAKA,DOGRI,927
KARNATAKA,ENGLISH,7229228
KARNATAKA,GARO,48
KARNATAKA,GUJARATI,126135
KARNATAKA,HINDI,7495476
KARNATAKA,KARBI/MIKIR,41
KARNATAKA,KHASI,377
KARNATAKA,LADAKHI,676
KARNATAKA,LUSHAI/MIZO,477
KARNATAKA,MARATHI,3010564
KARNATAKA,MIRI/MISHING,8
KARNATAKA,MISHMI,2
KARNATAKA,NEPALI,21068
KARNATAKA,NISSI/DAFLA,28
KARNATAKA,NOCTE,2
KARNATAKA,ODIA,68589
KARNATAKA,OTHERS,403835
KARNATAKA,PUNJABI,33022
KARNATAKA,RABHA,3
KARNATAKA,SANSKRIT,15317
KARNATAKA,SANTALI,357
KARNATAKA,SEMA,68
KARNATAKA,SHERPA,8
KARNATAKA,TAMIL,2998093
KARNATAKA,TANGSA,41
KARNATAKA,TELUGU,7216601
KARNATAKA,TIBETAN,31057
KARNATAKA,URDU,6810994
KARNATAKA,WANCHO,1
KERALA,ADI,33
KERALA,ASSAMESE,6518
KERALA,BENGALI,32140
KERALA,BHOTIA,5
KERALA,BODO,52
KERALA,DIMASA,2
KERALA,DOGRI,313
KERALA,ENGLISH,6730598
KERALA,GARO,10
KERALA,GUJARATI,8963
KERALA,HINDI,3047549
KERALA,KARBI/MIKIR,13
KERALA,KHASI,22
KERALA,LADAKHI,16
KERALA,LUSHAI/MIZO,27
KERALA,MARATHI,41061
KERALA,NEPALI,4455
KERALA,NISSI/DAFLA,12
KERALA,ODIA,12125
KERALA,OTHERS,19588
KERALA,PUNJABI,2307
KERALA,RABHA,17
KERALA,SANSKRIT,22974
KERALA,SANTALI,121
KERALA,TAMIL,984623
KERALA,TANGSA,20
KERALA,TELUGU,62516
KERALA,TIBETAN,8
KERALA,URDU,30444
LAKSHADWEEP,ADI,4
LAKSHADWEEP,ASSAMESE,1
LAKSHADWEEP,BENGALI,143
LAKSHADWEEP,BODO,5
LAKSHADWEEP,ENGLISH,12444
LAKSHADWEEP,GUJARATI,37
LAKSHADWEEP,HINDI,11523
LAKSHADWEEP,MARATHI,41
LAKSHADWEEP,NEPALI,4
LAKSHADWEEP,ODIA,41
LAKSHADWEEP,OTHERS,9383
LAKSHADWEEP,PUNJABI,13
LAKSHADWEEP,SANSKRIT,4
LAKSHADWEEP,TAMIL,513
LAKSHADWEEP,TELUGU,55
LAKSHADWEEP,URDU,82
MADHYA PRADESH,ADI,448
MADHYA PRADESH,ASSAMESE,2342
MADHYA PRADESH,BENGALI,131238
MADHYA PRADESH,BHOTIA,59
MADHYA PRADESH,BODO,94
MADHYA PRADESH,DEORI,7
MADHYA PRADESH,DIMASA,12
MADHYA PRADESH,DOGRI,1007
MADHYA PRADESH,ENGLISH,3948434
MADHYA PRADESH,GARO,20
MADHYA PRADESH,GUJARATI,277717
MADHYA PRADESH,HINDI,69532462
MADHYA PRADESH,KARBI/MIKIR,4
MADHYA PRADESH,KHASI,21
MADHYA PRADESH,LADAKHI,60
MADHYA PRADESH,LUSHAI/MIZO,188
MADHYA PRADESH,MARATHI,1537230
MADHYA PRADESH,MISHMI,3
MADHYA PRADESH,NEPALI,13876
MADHYA PRADESH,NISSI/DAFLA,75
MADHYA PRADESH,ODIA,19853
MADHYA PRADESH,OTHERS,98850
MADHYA PRADESH,PUNJABI,190285
MADHYA PRADESH,RABHA,29
MADHYA PRADESH,SANSKRIT,703056
MADHYA PRADESH,SANTALI,466
MADHYA PRADESH,SEMA,23
MADHYA PRADESH,TAMIL,24845
MADHYA PRADESH,TANGSA,5
MADHYA PRADESH,TELUGU,28607
MADHYA PRADESH,TIBETAN,84
MADHYA PRADESH,URDU,1370765
MADHYA PRADESH,WANCHO,5
MAHARASHTRA,ADI,207
MAHARASHTRA,ASSAMESE,15481
MAHARASHTRA,BENGALI,483208
MAHARASHTRA,BHOTIA,117
MAHARASHTRA,BODO,354
MAHARASHTRA,DEORI,5
MAHARASHTRA,DIMASA,32
MAHARASHTRA,DOGRI,2174
MAHARASHTRA,ENGLISH,16092108
MAHARASHTRA,GARO,119
MAHARASHTRA,GUJARATI,2770008
MAHARASHTRA,HINDI,58538383
MAHARASHTRA,KARBI/MIKIR,22
MAHARASHTRA,KHASI,268
MAHARASHTRA,LADAKHI,20
MAHARASHTRA,LUSHAI/MIZO,435
MAHARASHTRA,MARATHI,91315446
MAHARASHTRA,MIRI/MISHING,14
MAHARASHTRA,MISHMI,20
MAHARASHTRA,NEPALI,82638
MAHARASHTRA,NISSI/DAFLA,62
MAHARASHTRA,NOCTE,1
MAHARASHTRA,ODIA,144379
MAHARASHTRA,OTHERS,329322
MAHARASHTRA,PUNJABI,323095
MAHARASHTRA,RABHA,39
MAHARASHTRA,SANSKRIT,145094
MAHARASHTRA,SANTALI,112510
MAHARASHTRA,SEMA,80
MAHARASHTRA,SHERPA,6
MAHARASHTRA,TAMIL,543458
MAHARASHTRA,TANGSA,21
MAHARASHTRA,TELUGU,1593208
MAHARASHTRA,TIBETAN,1067
MAHARASHTRA,URDU,8073019
MAHARASHTRA,WANCHO,7
MANIPUR,ADI,82
MANIPUR,ASSAMESE,10299
MANIPUR,BENGALI,40735
MANIPUR,BHOTIA,14
MANIPUR,BODO,191
MANIPUR,DEORI,2
MANIPUR,DIMASA,43
MANIPUR,DOGRI,1941
MANIPUR,ENGLISH,903025
MANIPUR,GARO,72
MANIPUR,GUJARATI,221
MANIPUR,HINDI,526526
MANIPUR,KARBI/MIKIR,120
MANIPUR,KHASI,721
MANIPUR,LADAKHI,3
MANIPUR,LUSHAI/MIZO,21404
MANIPUR,MARATHI,1696
MANIPUR,MIRI/MISHING,10
MANIPUR,MISHMI,14
MANIPUR,NEPALI,66782
MANIPUR,NISSI/DAFLA,24
MANIPUR,NOCTE,44
MANIPUR,ODIA,962
MANIPUR,OTHERS,43510
MANIPUR,PUNJABI,1699
MANIPUR,RABHA,19
MANIPUR,SANSKRIT,387
MANIPUR,SANTALI,21
MANIPUR,SEMA,116
MANIPUR,SHERPA,43
MANIPUR,TAMIL,1988
MANIPUR,TANGSA,50
MANIPUR,TELUGU,1723
MANIPUR,TIBETAN,6
MANIPUR,URDU,1992
MANIPUR,WANCHO,89
MEGHALAYA,ADI,394
MEGHALAYA,ASSAMESE,112162
MEGHALAYA,BENGALI,292374
MEGHALAYA,BHOTIA,212
MEGHALAYA,BODO,5573
MEGHALAYA,DEORI,27
MEGHALAYA,DIMASA,294
MEGHALAYA,DOGRI,459
MEGHALAYA,ENGLISH,463220
MEGHALAYA,GARO,964214
MEGHALAYA,GUJARATI,438
MEGHALAYA,HINDI,413851
MEGHALAYA,KARBI/MIKIR,15681
MEGHALAYA,KHASI,1487168
MEGHALAYA,LUSHAI/MIZO,5088
MEGHALAYA,MARATHI,21844
MEGHALAYA,MIRI/MISHING,146
MEGHALAYA,MISHMI,31
MEGHALAYA,NEPALI,62002
MEGHALAYA,NISSI/DAFLA,318
MEGHALAYA,NOCTE,76
MEGHALAYA,ODIA,1553
MEGHALAYA,OTHERS,133888
MEGHALAYA,PUNJABI,4845
MEGHALAYA,RABHA,22954
MEGHALAYA,SANSKRIT,108
MEGHALAYA,SANTALI,260
MEGHALAYA,SEMA,68
MEGHALAYA,TAMIL,986
MEGHALAYA,TANGSA,37
MEGHALAYA,TELUGU,1330
MEGHALAYA,TIBETAN,505
MEGHALAYA,URDU,2613
MEGHALAYA,WANCHO,105
MIZORAM,ADI,27
MIZORAM,ASSAMESE,1970
MIZORAM,BENGALI,115430
MIZORAM,BHOTIA,1
MIZORAM,BODO,243
MIZORAM,DEORI,3
MIZORAM,DIMASA,37
MIZORAM,DOGRI,239
MIZORAM,ENGLISH,170026
MIZORAM,GARO,111
MIZORAM,GUJARATI,67
MIZORAM,HINDI,76935
MIZORAM,KARBI/MIKIR,30
MIZORAM,KHASI,838
MIZORAM,LADAKHI,4
MIZORAM,LUSHAI/MIZO,906450
MIZORAM,MARATHI,434
MIZORAM,MIRI/MISHING,24
MIZORAM,MISHMI,6
MIZORAM,NEPALI,9722
MIZORAM,NISSI/DAFLA,22
MIZORAM,NOCTE,4
MIZORAM,ODIA,283
MIZORAM,OTHERS,12640
MIZORAM,PUNJABI,453
MIZORAM,RABHA,12
MIZORAM,SANSKRIT,11
MIZORAM,SANTALI,1171
MIZORAM,SEMA,5
MIZORAM,TAMIL,356
MIZORAM,TANGSA,7
MIZORAM,TELUGU,390
MIZORAM,TIBETAN,1
MIZORAM,URDU,198
MIZORAM,WANCHO,77
NAGALAND,ADI,104
NAGALAND,ASSAMESE,816441
NAGALAND,BENGALI,76631
NAGALAND,BHOTIA,143
NAGALAND,BODO,7610
NAGALAND,DEORI,5
NAGALAND,DIMASA,4889
NAGALAND,DOGRI,1331
NAGALAND,ENGLISH,644455
NAGALAND,GARO,2417
NAGALAND,GUJARATI,290
NAGALAND,HINDI,314452
NAGALAND,KARBI/MIKIR,617
NAGALAND,KHASI,851
NAGALAND,LUSHAI/MIZO,1317
NAGALAND,MARATHI,2721
NAGALAND,MIRI/MISHING,86
NAGALAND,MISHMI,33
NAGALAND,NEPALI,45669
NAGALAND,NISSI/DAFLA,132
NAGALAND,NOCTE,76
NAGALAND,ODIA,4629
NAGALAND,OTHERS,247829
NAGALAND,PUNJABI,2537
NAGALAND,RABHA,202
NAGALAND,SANSKRIT,88
NAGALAND,SANTALI,158
NAGALAND,SEMA,9976
NAGALAND,SHERPA,13
NAGALAND,TAMIL,1332
NAGALAND,TANGSA,171
NAGALAND,TELUGU,1276
NAGALAND,TIBETAN,212
NAGALAND,URDU,1328
NAGALAND,WANCHO,147
NCT OF DELHI,ADI,35
NCT OF DELHI,ASSAMESE,10476
NCT OF DELHI,BENGALI,249568
NCT OF DELHI,BHOTIA,384
NCT OF DELHI,BODO,309
NCT OF DELHI,DEORI,5
NCT OF DELHI,DIMASA,25
NCT OF DELHI,DOGRI,8521
NCT OF DELHI,ENGLISH,5325728
NCT OF DELHI,GARO,95
NCT OF DELHI,GUJARATI,47523
NCT OF DELHI,HINDI,16242532
NCT OF DELHI,KARBI/MIKIR,11
NCT OF DELHI,KHASI,219
NCT OF DELHI,LADAKHI,399
NCT OF DELHI,LUSHAI/MIZO,779
NCT OF DELHI,MARATHI,33959
NCT OF DELHI,MIRI/MISHING,8
NCT OF DELHI,MISHMI,7
NCT OF DELHI,NEPALI,46675
NCT OF DELHI,NISSI/DAFLA,102
NCT OF DELHI,NOCTE,10
NCT OF DELHI,ODIA,42109
NCT OF DELHI,OTHERS,32738
NCT OF DELHI,PUNJABI,1290738
NCT OF DELHI,RABHA,12
NCT OF DELHI,SANSKRIT,71663
NCT OF DELHI,SANTALI,603
NCT OF DELHI,SEMA,16
NCT OF DELHI,SHERPA,17
NCT OF DELHI,TAMIL,89110
NCT OF DELHI,TANGSA,6
NCT OF DELHI,TELUGU,28667
NCT OF DELHI,TIBETAN,1974
NCT OF DELHI,URDU,1085028
NCT OF DELHI,WANCHO,9
ODISHA,ADI,16
ODISHA,ASSAMESE,1639
ODISHA,BENGALI,725352
ODISHA,BODO,26
ODISHA,DIMASA,37
ODISHA,DOGRI,379
ODISHA,ENGLISH,7234040
ODISHA,GARO,3812
ODISHA,GUJARATI,19060
ODISHA,HINDI,7872746
ODISHA,KARBI/MIKIR,16
ODISHA,KHASI,814
ODISHA,LADAKHI,3214
ODISHA,LUSHAI/MIZO,14
ODISHA,MARATHI,10716
ODISHA,MISHMI,2
ODISHA,NEPALI,9462
ODISHA,NISSI/DAFLA,2
ODISHA,ODIA,39255152
ODISHA,OTHERS,257807
ODISHA,PUNJABI,21865
ODISHA,RABHA,10
ODISHA,SANSKRIT,58957
ODISHA,SANTALI,932304
ODISHA,TAMIL,8797
ODISHA,TELUGU,931739
ODISHA,TIBETAN,562
ODISHA,URDU,705478
PUDUCHERRY,ADI,5
PUDUCHERRY,ASSAMESE,103
PUDUCHERRY,BENGALI,1894
PUDUCHERRY,BHOTIA,4
PUDUCHERRY,BODO,4
PUDUCHERRY,DIMASA,1
PUDUCHERRY,DOGRI,8
PUDUCHERRY,ENGLISH,350706
PUDUCHERRY,GARO,1
PUDUCHERRY,GUJARATI,1808
PUDUCHERRY,HINDI,48258
PUDUCHERRY,KHASI,6
PUDUCHERRY,LUSHAI/MIZO,2
PUDUCHERRY,MARATHI,1156
PUDUCHERRY,NEPALI,457
PUDUCHERRY,NISSI/DAFLA,4
PUDUCHERRY,ODIA,1990
PUDUCHERRY,OTHERS,12922
PUDUCHERRY,PUNJABI,181
PUDUCHERRY,SANSKRIT,501
PUDUCHERRY,SANTALI,5
PUDUCHERRY,TAMIL,1134127
PUDUCHERRY,TELUGU,90459
PUDUCHERRY,TIBETAN,11
PUDUCHERRY,URDU,11132
PUNJAB,ADI,39
PUNJAB,ASSAMESE,4681
PUNJAB,BENGALI,32094
PUNJAB,BHOTIA,27
PUNJAB,BODO,315
PUNJAB,DIMASA,21
PUNJAB,DOGRI,23054
PUNJAB,ENGLISH,8336081
PUNJAB,GARO,44
PUNJAB,GUJARATI,15986
PUNJAB,HINDI,14160545
PUNJAB,KHASI,88
PUNJAB,LADAKHI,1170
PUNJAB,LUSHAI/MIZO,504
PUNJAB,MARATHI,22276
PUNJAB,MIRI/MISHING,1
PUNJAB,MISHMI,1
PUNJAB,NEPALI,25497
PUNJAB,NISSI/DAFLA,545
PUNJAB,NOCTE,15
PUNJAB,ODIA,10143
PUNJAB,OTHERS,8269
PUNJAB,PUNJABI,25745129
PUNJAB,RABHA,6
PUNJAB,SANSKRIT,5873
PUNJAB,SANTALI,258
PUNJAB,SEMA,6
PUNJAB,TAMIL,11918
PUNJAB,TANGSA,1
PUNJAB,TELUGU,10069
PUNJAB,TIBETAN,490
PUNJAB,URDU,111406
PUNJAB,WANCHO,5
RAJASTHAN,ADI,927
RAJASTHAN,ASSAMESE,3607
RAJASTHAN,BENGALI,92737
RAJASTHAN,BHOTIA,42
RAJASTHAN,BODO,111
RAJASTHAN,DEORI,8
RAJASTHAN,DIMASA,3
RAJASTHAN,DOGRI,5612
RAJASTHAN,ENGLISH,3119819
RAJASTHAN,GARO,29
RAJASTHAN,GUJARATI,157367
RAJASTHAN,HINDI,65149208
RAJASTHAN,KARBI/MIKIR,3
RAJASTHAN,KHASI,67
RAJASTHAN,LADAKHI,364
RAJASTHAN,LUSHAI/MIZO,192
RAJASTHAN,MARATHI,30331
RAJASTHAN,MIRI/MISHING,3
RAJASTHAN,MISHMI,19
RAJASTHAN,NEPALI,9711
RAJASTHAN,NISSI/DAFLA,71
RAJASTHAN,NOCTE,5
RAJASTHAN,ODIA,17650
RAJASTHAN,OTHERS,364919
RAJASTHAN,PUNJABI,2465892
RAJASTHAN,RABHA,768
RAJASTHAN,SANSKRIT,346761
RAJASTHAN,SANTALI,270
RAJASTHAN,SEMA,2
RAJASTHAN,TAMIL,11242
RAJASTHAN,TANGSA,2
RAJASTHAN,TELUGU,9526
RAJASTHAN,TIBETAN,43
RAJASTHAN,URDU,1057545
RAJASTHAN,WANCHO,1
SIKKIM,ADI,9
SIKKIM,ASSAMESE,1340
SIKKIM,BENGALI,10130
SIKKIM,BHOTIA,45953
SIKKIM,BODO,89
SIKKIM,DIMASA,1
SIKKIM,DOGRI,349
SIKKIM,ENGLISH,169054
SIKKIM,GARO,22
SIKKIM,GUJARATI,227
SIKKIM,HINDI,292854
SIKKIM,KARBI/MIKIR,8
SIKKIM,KHASI,71
SIKKIM,LADAKHI,88
SIKKIM,LUSHAI/MIZO,58
SIKKIM,MARATHI,1221
SIKKIM,MIRI/MISHING,1
SIKKIM,MISHMI,5
SIKKIM,NEPALI,520078
SIKKIM,NISSI/DAFLA,3
SIKKIM,ODIA,1048
SIKKIM,OTHERS,6118
SIKKIM,PUNJABI,2174
SIKKIM,RABHA,32
SIKKIM,SANSKRIT,631
SIKKIM,SANTALI,318
SIKKIM,SEMA,1
SIKKIM,SHERPA,14538
SIKKIM,TAMIL,944
SIKKIM,TELUGU,1112
SIKKIM,TIBETAN,4187
SIKKIM,URDU,2409
SIKKIM,WANCHO,1
TAMIL NADU,ADI,46
TAMIL NADU,ASSAMESE,2863
TAMIL NADU,BENGALI,70327
TAMIL NADU,BHOTIA,12
TAMIL NADU,BODO,74
TAMIL NADU,DIMASA,269
TAMIL NADU,DOGRI,1000
TAMIL NADU,ENGLISH,13337789
TAMIL NADU,GARO,13
TAMIL NADU,GUJARATI,292663
TAMIL NADU,HINDI,1524049
TAMIL NADU,KARBI/MIKIR,2
TAMIL NADU,KHASI,123
TAMIL NADU,LADAKHI,21
TAMIL NADU,LUSHAI/MIZO,146
TAMIL NADU,MARATHI,97741
TAMIL NADU,MISHMI,3
TAMIL NADU,NEPALI,7967
TAMIL NADU,NISSI/DAFLA,46
TAMIL NADU,ODIA,23072
TAMIL NADU,OTHERS,42332
TAMIL NADU,PUNJABI,8090
TAMIL NADU,RABHA,6
TAMIL NADU,SANSKRIT,14686
TAMIL NADU,SANTALI,173
TAMIL NADU,SEMA,34
TAMIL NADU,TAMIL,69404292
TAMIL NADU,TANGSA,1
TAMIL NADU,TELUGU,5804634
TAMIL NADU,TIBETAN,254
TAMIL NADU,URDU,1405712
TRIPURA,ADI,18
TRIPURA,ASSAMESE,4614
TRIPURA,BENGALI,3269107
TRIPURA,BHOTIA,3
TRIPURA,BODO,556
TRIPURA,DEORI,4
TRIPURA,DIMASA,17
TRIPURA,DOGRI,603
TRIPURA,ENGLISH,276541
TRIPURA,GARO,21598
TRIPURA,GUJARATI,1453
TRIPURA,HINDI,365538
TRIPURA,KARBI/MIKIR,13
TRIPURA,KHASI,1338
TRIPURA,LADAKHI,1
TRIPURA,LUSHAI/MIZO,16042
TRIPURA,MARATHI,1510
TRIPURA,MIRI/MISHING,6
TRIPURA,MISHMI,19
TRIPURA,NEPALI,3252
TRIPURA,NISSI/DAFLA,231
TRIPURA,NOCTE,3
TRIPURA,ODIA,27146
TRIPURA,OTHERS,6101
TRIPURA,PUNJABI,1309
TRIPURA,RABHA,68
TRIPURA,SANSKRIT,1182
TRIPURA,SANTALI,4105
TRIPURA,SEMA,3
TRIPURA,TAMIL,1096
TRIPURA,TANGSA,4
TRIPURA,TELUGU,3958
TRIPURA,TIBETAN,2
TRIPURA,URDU,1017
TRIPURA,WANCHO,21
UTTAR PRADESH,ADI,107
UTTAR PRADESH,ASSAMESE,12662
UTTAR PRADESH,BENGALI,320308
UTTAR PRADESH,BHOTIA,295
UTTAR PRADESH,BODO,244
UTTAR PRADESH,DIMASA,33
UTTAR PRADESH,DOGRI,3397
UTTAR PRADESH,ENGLISH,12826390
UTTAR PRADESH,GARO,30
UTTAR PRADESH,GUJARATI,31508
UTTAR PRADESH,HINDI,194610346
UTTAR PRADESH,KARBI/MIKIR,4
UTTAR PRADESH,KHASI,63
UTTAR PRADESH,LADAKHI,83
UTTAR PRADESH,LUSHAI/MIZO,245
UTTAR PRADESH,MARATHI,39441
UTTAR PRADESH,MIRI/MISHING,6
UTTAR PRADESH,MISHMI,275
UTTAR PRADESH,NEPALI,30783
UTTAR PRADESH,NISSI/DAFLA,151
UTTAR PRADESH,NOCTE,1
UTTAR PRADESH,ODIA,26848
UTTAR PRADESH,OTHERS,39325
UTTAR PRADESH,PUNJABI,735107
UTTAR PRADESH,RABHA,15
UTTAR PRADESH,SANSKRIT,1234670
UTTAR PRADESH,SANTALI,1169
UTTAR PRADESH,SEMA,15
UTTAR PRADESH,SHERPA,7
UTTAR PRADESH,TAMIL,17782
UTTAR PRADESH,TANGSA,1
UTTAR PRADESH,TELUGU,16164
UTTAR PRADESH,TIBETAN,332
UTTAR PRADESH,URDU,14586879
UTTAR PRADESH,WANCHO,11
UTTARAKHAND,ADI,80
UTTARAKHAND,ASSAMESE,2016
UTTARAKHAND,BENGALI,159988
UTTARAKHAND,BHOTIA,9467
UTTARAKHAND,BODO,55
UTTARAKHAND,DIMASA,9
UTTARAKHAND,DOGRI,5192
UTTARAKHAND,ENGLISH,843419
UTTARAKHAND,GARO,31
UTTARAKHAND,GUJARATI,4918
UTTARAKHAND,HINDI,9802772
UTTARAKHAND,KARBI/MIKIR,3
UTTARAKHAND,KHASI,23
UTTARAKHAND,LADAKHI,282
UTTARAKHAND,LUSHAI/MIZO,134
UTTARAKHAND,MARATHI,7093
UTTARAKHAND,MIRI/MISHING,2
UTTARAKHAND,MISHMI,23
UTTARAKHAND,NEPALI,120410
UTTARAKHAND,NISSI/DAFLA,7636
UTTARAKHAND,ODIA,4071
UTTARAKHAND,OTHERS,6812
UTTARAKHAND,PUNJABI,322618
UTTARAKHAND,RABHA,3
UTTARAKHAND,SANSKRIT,22630
UTTARAKHAND,SANTALI,511
UTTARAKHAND,SEMA,10
UTTARAKHAND,TAMIL,3066
UTTARAKHAND,TANGSA,8
UTTARAKHAND,TELUGU,3518
UTTARAKHAND,TIBETAN,10532
UTTARAKHAND,URDU,590593
UTTARAKHAND,WANCHO,1
WEST BENGAL,ADI,689
WEST BENGAL,ASSAMESE,23104
WEST BENGAL,BENGALI,83495623
WEST BENGAL,BHOTIA,5576
WEST BENGAL,BODO,44853
WEST BENGAL,DEORI,1
WEST BENGAL,DIMASA,26
WEST BENGAL,DOGRI,1947
WEST BENGAL,ENGLISH,6118166
WEST BENGAL,GARO,1963
WEST BENGAL,GUJARATI,45879
WEST BENGAL,HINDI,12621432
WEST BENGAL,KARBI/MIKIR,6
WEST BENGAL,KHASI,311
WEST BENGAL,LADAKHI,29
WEST BENGAL,LUSHAI/MIZO,556
WEST BENGAL,MARATHI,18698
WEST BENGAL,MIRI/MISHING,7
WEST BENGAL,MISHMI,48
WEST BENGAL,NEPALI,1315182
WEST BENGAL,NISSI/DAFLA,10453
WEST BENGAL,NOCTE,8
WEST BENGAL,ODIA,255705
WEST BENGAL,OTHERS,82709
WEST BENGAL,PUNJABI,68189
WEST BENGAL,RABHA,14584
WEST BENGAL,SANSKRIT,18523
WEST BENGAL,SANTALI,2528836
WEST BENGAL,SEMA,54
WEST BENGAL,SHERPA,1775
WEST BENGAL,TAMIL,18870
WEST BENGAL,TANGSA,1
WEST BENGAL,TELUGU,92476
WEST BENGAL,TIBETAN,10104
WEST BENGAL,URDU,1817645
WEST BENGAL,WANCHO,10